Philip Cheung,13LS/As,Astronomy,Mr George
,13LS/Hs,Health & S,Mr George
,13LS/Me,Mentoring,Mr George
,13LS/Rg,Registration,Mr George
,13LS/Tu,Tutor Comm,Mr George
,13A/Gg1a,Geography,Mr George
,13A/Gg1b,Geography,Mr George
,13B/Es1,Elite Sports,Mr George
,13C/Pe1a,Physical E,Mr George
,13C/Pe1b,Physical E,Mr George
,13C/Pe1c,Physical E,Mr George
,13E/Bs1a,Business S,Mr George
,13E/Bs1b,Business S,Mr George
,CLS 13LS,,Mr George
,HCL Burgess,,Mr George
Ardath Loman,12CM/As,Astronomy,Mr George
,12CM/Hs,Health & S,Mr George
,12CM/Me,Mentoring,Mr George
,12CM/Rg,Registration,Mr George
,12CM/Tu,Tutor Comm,Mr George
,12A/Bs1a,Business S,Mr George
,12A/Bs1b,Business S,Mr George
,12C/Po1a,Politics,Mr George
,12C/Po1b,Politics,Mr George
,12E/Hi1a,History,Mr George
,12E/Hi1b,History,Mr George
,12G/Ga10,Games,Mr George
,12H/Ho3,History of Ideas,Mr George
,CLS 12CM,,Mr George
,HCL Hardman,,Mr George
Adan Eichhorn,11M1/As,Astronomy,Mr George
,11M1/Hs,Health & S,Mr George
,11M1/Me,Mentoring,Mr George
,11M1/Rg,Registration,Mr George
,11M1/Tu,Tutor Comm,Mr George
,11pq/Ga1,Games,Mr George
,11p/Ci3,Citizen,Mr George
,11p/En3,English,Mr George
,11p/Ma2B,Mathematic,Mr George
,11p/Pe3,Physical E,Mr George
,11p/Bi2,Biology,Mr George
,11p/Ch2,Chemistry,Mr George
,11p/Ph2,Physics,Mr George
,11A/Hi1,History,Mr George
,11B/Ge1,German,Mr George
,11C/Fr1,French,Mr George
,11D/Gg1,Geography,Mr George
,11H/Ho1,History of Ideas,Mr George
,CLS 11 Mackenz,,Mr George
,HCL Mackenzie,,Mr George
Emerson Stgermain,11S1/As,Astronomy,Mr George
,11S1/Hs,Health & S,Mr George
,11S1/Me,Mentoring,Mr George
,11S1/Rg,Registration,Mr George
,11S1/Tu,Tutor Comm,Mr George
,11pq/Ga1,Games,Mr George
,11A/Bs1,Business S,Mr George
,11B/Ge1,German,Mr George
,11C/Hi1,History,Mr George
,11D/De1,CDT:Design,Mr George
,11H/Ho2,History of Ideas,Mr George
,11q/Ci1,Citizen,Mr George
,11q/En1,English,Mr George
,11q/Ma2,Mathematic,Mr George
,11q/Pe3,Physical E,Mr George
,11q/Bi1,Biology,Mr George
,11q/Ch1,Chemistry,Mr George
,11q/Ph1,Physics,Mr George
,CLS 11 Sharp,,Mr George
,HCL Sharp,,Mr George
Cesar Konieczny,85/Ga,Games,Mr George
,85/Ar,Art,Mr George
,85/De,CDT:Design,Mr George
,85/Mu,Music,Mr George
,8HB2/Ma,Mathematic,Mr George
,83/Pe,Physical E,Mr George
,8B1/Ci,Citizen,Mr George
,8B1/Cs,Computer Studies & Informatics,Mr George
,8B1/En,English,Mr George
,8B1/Fr,French,Mr George
,8B1/Gg,Geography,Mr George
,8B1/Hi,History,Mr George
,8B1/Pb,Philosophy & Belief,Mr George
,8B1/Sc,Science,Mr George
,8B1/Sp,Spanish,Mr George
,8B/As,Astronomy,Mr George
,8B/Hs,Health & S,Mr George
,8B/Me,Mentoring,Mr George
,8B/Rg,Registration,Mr George
,8B/Tu,Tutor Comm,Mr George
,CLS 8 Burgess,,Mr George
,HCL Burgess,,Mr George
Robbi Engelke,9SH1/Ma,Mathematic,Mr George
,9W/Sp1,Spanish,Mr George
,9X/Sp1,Spanish,Mr George
,9Y/De2,CDT:Design,Mr George
,9Z/Ar1,Art,Mr George
,95/Ga,Games,Mr George
,93/Pe,Physical E,Mr George
,9H1/Bi,Biology,Mr George
,9H1/Ch,Chemistry,Mr George
,9H1/Ci,Citizen,Mr George
,9H1/Cs,Computer Studies & Informatics,Mr George
,9H1/En,English,Mr George
,9H1/Fr,French,Mr George
,9H1/Gg,Geography,Mr George
,9H1/Hi,History,Mr George
,9H1/Pb,Philosophy & Belief,Mr George
,9H1/Ph,Physics,Mr George
,9H/As,Astronomy,Mr George
,9H/Hs,Health & S,Mr George
,9H/Me,Mentoring,Mr George
,9H/Rg,Registration,Mr George
,9H/Tu,Tutor Comm,Mr George
,CLS 9 Hardman,,Mr George
,HCL Hardman,,Mr George
Bok Arispe,10H2/As,Astronomy,Mr George
,10H2/Hs,Health & S,Mr George
,10H2/Rg,Registration,Mr George
,10H2/Tu,Tutor Comm,Mr George
,10A/Hi1,History,Mr George
,10B/Sp1,Spanish,Mr George
,10C/Gg1,Geography,Mr George
,10D/Bs1,Business S,Mr George
,10H/Ho1,History of Ideas,Mr George
,10q/Ci2,Citizen,Mr George
,10q/En2,English,Mr George
,105/Ga,Games,Mr George
,10q/Ma2,Mathematic,Mr George
,10q/Pe2,Physical E,Mr George
,10q/Bi2,Biology,Mr George
,10q/Ch2,Chemistry,Mr George
,10q/Ph2,Physics,Mr George
,CLS 10 Hard 2,,Mr George
,HCL Hardman,,Mr George
Cleopatra Blakley,84/Ga,Games,Mr George
,84/Ar,Art,Mr George
,84/De,CDT:Design,Mr George
,84/Mu,Music,Mr George
,8HB2/Ma,Mathematic,Mr George
,83/Pe,Physical E,Mr George
,8H1/Ci,Citizen,Mr George
,8H1/Cs,Computer Studies & Informatics,Mr George
,8H1/En,English,Mr George
,8H1/Fr,French,Mr George
,8H1/Gg,Geography,Mr George
,8H1/Hi,History,Mr George
,8H1/Pb,Philosophy & Belief,Mr George
,8H1/Sc,Science,Mr George
,8H1/Sp,Spanish,Mr George
,8H/As,Astronomy,Mr George
,8H/Hs,Health & S,Mr George
,8H/Me,Mentoring,Mr George
,8H/Rg,Registration,Mr George
,8H/Tu,Tutor Comm,Mr George
,CLS 8 Hardman,,Mr George
,HCL Hardman,,Mr George
Gearldine Grube,10M2/As,Astronomy,Mr George
,10M2/Hs,Health & S,Mr George
,10M2/Rg,Registration,Mr George
,10M2/Tu,Tutor Comm,Mr George
,10A/Cs1,Computer Studies & Informatics,Mr George
,10B/De1,CDT:Design,Mr George
,10C/Fr1,French,Mr George
,10D/Hi1,History,Mr George
,10H/Ho3,History of Ideas,Mr George
,10q/Ci1,Citizen,Mr George
,10q/En1,English,Mr George
,105/Ga,Games,Mr George
,10q/Ma1,Mathematic,Mr George
,10q/Pe2,Physical E,Mr George
,10q/Bi1,Biology,Mr George
,10q/Ch1,Chemistry,Mr George
,10q/Ph1,Physics,Mr George
,CLS 10 Mac 2,,Mr George
,HCL Mackenzie,,Mr George
Masako Helwig,84/Ga,Games,Mr George
,84/Ar,Art,Mr George
,84/De,CDT:Design,Mr George
,84/Mu,Music,Mr George
,8HB1/Ma,Mathematic,Mr George
,83/Pe,Physical E,Mr George
,8B1/Ci,Citizen,Mr George
,8B1/Cs,Computer Studies & Informatics,Mr George
,8B1/En,English,Mr George
,8B1/Fr,French,Mr George
,8B1/Gg,Geography,Mr George
,8B1/Hi,History,Mr George
,8B1/Pb,Philosophy & Belief,Mr George
,8B1/Sc,Science,Mr George
,8B1/Sp,Spanish,Mr George
,8B/As,Astronomy,Mr George
,8B/Hs,Health & S,Mr George
,8B/Me,Mentoring,Mr George
,8B/Rg,Registration,Mr George
,8B/Tu,Tutor Comm,Mr George
,CLS 8 Burgess,,Mr George
,HCL Burgess,,Mr George
Jude Epping,10B1/As,Astronomy,Mr George
,10B1/Hs,Health & S,Mr George
,10B1/Rg,Registration,Mr George
,10B1/Tu,Tutor Comm,Mr George
,10A/De1,CDT:Design,Mr George
,10B/Ar1,Art,Mr George
,10C/Gg1,Geography,Mr George
,10D/Sp1,Spanish,Mr George
,10H/Ho5,History of Ideas,Mr George
,10q/Ci2,Citizen,Mr George
,10q/En2,English,Mr George
,104/Ga,Games,Mr George
,10q/Ma2,Mathematic,Mr George
,10q/Pe1,Physical E,Mr George
,10q/Bi1,Biology,Mr George
,10q/Ch1,Chemistry,Mr George
,10q/Ph1,Physics,Mr George
,CLS 10 Burgess,,Mr George
,HCL Burgess,,Mr George
Tam Glass,9SH2/Ma,Mathematic,Mr George
,9W/Sp1,Spanish,Mr George
,9X/Sp1,Spanish,Mr George
,9Y/Mu1,Music,Mr George
,9Z/De1,CDT:Design,Mr George
,96/Ga,Games,Mr George
,94/Pe,Physical E,Mr George
,9H1/Bi,Biology,Mr George
,9H1/Ch,Chemistry,Mr George
,9H1/Ci,Citizen,Mr George
,9H1/Cs,Computer Studies & Informatics,Mr George
,9H1/En,English,Mr George
,9H1/Gg,Geography,Mr George
,9H1/Hi,History,Mr George
,9H1/Pb,Philosophy & Belief,Mr George
,9H1/Ph,Physics,Mr George
,9H/As,Astronomy,Mr George
,9H/Hs,Health & S,Mr George
,9H/Me,Mentoring,Mr George
,9H/Rg,Registration,Mr George
,9H/Tu,Tutor Comm,Mr George
,CLS 9 Hardman,,Mr George
,HCL Hardman,,Mr George
Isela Stjacques,10B2/As,Astronomy,Mr George
,10B2/Hs,Health & S,Mr George
,10B2/Rg,Registration,Mr George
,10B2/Tu,Tutor Comm,Mr George
,10p/Ci3,Citizen,Mr George
,10p/En3,English,Mr George
,102/Ga,Games,Mr George
,10p/Ma2,Mathematic,Mr George
,10p/Pe2,Physical E,Mr George
,10p/Bi2,Biology,Mr George
,10p/Ch2,Chemistry,Mr George
,10p/Ph2,Physics,Mr George
,10A/De1,CDT:Design,Mr George
,10B/Gg1,Geography,Mr George
,10C/Im1,Imedia,Mr George
,10D/Sp1,Spanish,Mr George
,10H/Ho5,History of Ideas,Mr George
,CLS 10Burgess2,,Mr George
,HCL Burgess,,Mr George
Lashawn Kimberly,11S1/As,Astronomy,Mr George
,11S1/Hs,Health & S,Mr George
,11S1/Me,Mentoring,Mr George
,11S1/Rg,Registration,Mr George
,11S1/Tu,Tutor Comm,Mr George
,11pq/Ga1,Games,Mr George
,11p/Ci2,Citizen,Mr George
,11p/En2,English,Mr George
,11p/Ma1,Mathematic,Mr George
,11p/Pe3,Physical E,Mr George
,11p/Bi3,Biology,Mr George
,11p/Ch3,Chemistry,Mr George
,11p/Ph3,Physics,Mr George
,11A/Sp1,Spanish,Mr George
,11B/Gg1,Geography,Mr George
,11C/Ar1,Art,Mr George
,11D/De1,CDT:Design,Mr George
,11H/Ho2,History of Ideas,Mr George
,CLS 11 Sharp,,Mr George
,HCL Sharp,,Mr George
Sydney Griswold,86/Ga,Games,Mr George
,84/Ar,Art,Mr George
,84/De,CDT:Design,Mr George
,84/Mu,Music,Mr George
,8HB2/Ma,Mathematic,Mr George
,84/Pe,Physical E,Mr George
,8H1/Ci,Citizen,Mr George
,8H1/Cs,Computer Studies & Informatics,Mr George
,8H1/En,English,Mr George
,8H1/Fr,French,Mr George
,8H1/Gg,Geography,Mr George
,8H1/Hi,History,Mr George
,8H1/Pb,Philosophy & Belief,Mr George
,8H1/Sc,Science,Mr George
,8H1/Sp,Spanish,Mr George
,8H/As,Astronomy,Mr George
,8H/Hs,Health & S,Mr George
,8H/Me,Mentoring,Mr George
,8H/Rg,Registration,Mr George
,8H/Tu,Tutor Comm,Mr George
,CLS 8 Hardman,,Mr George
,HCL Hardman,,Mr George
Thu Chiu,11M2/As,Astronomy,Mr George
,11M2/Hs,Health & S,Mr George
,11M2/Me,Mentoring,Mr George
,11M2/Rg,Registration,Mr George
,11M2/Tu,Tutor Comm,Mr George
,11pq/Ga1,Games,Mr George
,11p/Ci2,Citizen,Mr George
,11p/En2,English,Mr George
,11p/Ma1,Mathematic,Mr George
,11p/Pe1,Physical E,Mr George
,11p/Bi1,Biology,Mr George
,11p/Ch1,Chemistry,Mr George
,11p/Ph1,Physics,Mr George
,11A/Fr1,French,Mr George
,11B/Gg1,Geography,Mr George
,11C/Ge1,German,Mr George
,11D/Hi1,History,Mr George
,11H/Ho1,History of Ideas,Mr George
,CLS 11 Mac2,,Mr George
,HCL Mackenzie,,Mr George
Carlo Taketa,12JE/As,Astronomy,Mr George
,12JE/Hs,Health & S,Mr George
,12JE/Me,Mentoring,Mr George
,12JE/Rg,Registration,Mr George
,12JE/Tu,Tutor Comm,Mr George
,12A/Dm2a,Double Maths,Mr George
,12A/Dm2b,Double Maths,Mr George
,12B/Ch1a,Chemistry,Mr George
,12B/Ch1b,Chemistry,Mr George
,12C/Ph1a,Physics,Mr George
,12C/Ph1b,Physics,Mr George
,12D/Dm2a,Double Maths,Mr George
,12D/Dm2b,Double Maths,Mr George
,12E/Bi1a,Biology,Mr George
,12E/Bi1b,Biology,Mr George
,12H/Ho2,History of Ideas,Mr George
,CLS 12JE,,Mr George
,HCL Mackenzie,,Mr George
Danny Philhower,10B1/As,Astronomy,Mr George
,10B1/Hs,Health & S,Mr George
,10B1/Rg,Registration,Mr George
,10B1/Tu,Tutor Comm,Mr George
,10p/Ci1,Citizen,Mr George
,10p/En1,English,Mr George
,103/Ga,Games,Mr George
,10p/Ma1,Mathematic,Mr George
,10p/Pe3,Physical E,Mr George
,10p/Bi1,Biology,Mr George
,10p/Ch1,Chemistry,Mr George
,10p/Ph1,Physics,Mr George
,10A/Cs1,Computer Studies & Informatics,Mr George
,10B/Sp1,Spanish,Mr George
,10C/Fr2,French,Mr George
,10D/Hi1,History,Mr George
,10H/Ho5,History of Ideas,Mr George
,CLS 10 Burgess,,Mr George
,HCL Burgess,,Mr George
Corie Glazier,13DR/As,Astronomy,Mr George
,13DR/Hs,Health & S,Mr George
,13DR/Me,Mentoring,Mr George
,13DR/Rg,Registration,Mr George
,13DR/Tu,Tutor Comm,Mr George
,13A/Ch1a,Chemistry,Mr George
,13A/Ch1b,Chemistry,Mr George
,13B/Ph1a,Physics,Mr George
,13B/Ph1b,Physics,Mr George
,13C/Fm2a,Further Ma,Mr George
,13C/Fm2b,Further Ma,Mr George
,13D/Fm2a,Further Ma,Mr George
,13D/Fm2b,Further Ma,Mr George
,13E/Bi1a,Biology,Mr George
,13E/Bi1b,Biology,Mr George
,CLS 13DR,,Mr George
,HCL Hardman,,Mr George
Alaina Munroe,13AM/As,Astronomy,Mr George
,13AM/Hs,Health & S,Mr George
,13AM/Me,Mentoring,Mr George
,13AM/Rg,Registration,Mr George
,13AM/Tu,Tutor Comm,Mr George
,13A/Py1a,Philosophy,Mr George
,13A/Py1b,Philosophy,Mr George
,13B/Ch1a,Chemistry,Mr George
,13B/Ch1b,Chemistry,Mr George
,13D/Bi1a,Biology,Mr George
,13D/Bi1b,Biology,Mr George
,CLS 13AM,,Mr George
,HCL Mackenzie,,Mr George
Candida Forck,10M1/As,Astronomy,Mr George
,10M1/Hs,Health & S,Mr George
,10M1/Rg,Registration,Mr George
,10M1/Tu,Tutor Comm,Mr George
,10A/Hi1,History,Mr George
,10B/Gg1,Geography,Mr George
,10C/Fr2,French,Mr George
,10D/Ge1,German,Mr George
,10H/Ho3,History of Ideas,Mr George
,10q/Ci2,Citizen,Mr George
,10q/En2,English,Mr George
,105/Ga,Games,Mr George
,10q/Ma1,Mathematic,Mr George
,10q/Pe2,Physical E,Mr George
,10q/Bi1,Biology,Mr George
,10q/Ch1,Chemistry,Mr George
,10q/Ph1,Physics,Mr George
,CLS 10 Mackenz,,Mr George
,HCL Mackenzie,,Mr George
Justina Golliday,93/Ga,Games,Mr George
,92/Pe,Physical E,Mr George
,9M1/Bi,Biology,Mr George
,9M1/Ch,Chemistry,Mr George
,9M1/Ci,Citizen,Mr George
,9M1/Cs,Computer Studies & Informatics,Mr George
,9M1/En,English,Mr George
,9M1/Fr,French,Mr George
,9M1/Gg,Geography,Mr George
,9M1/Hi,History,Mr George
,9M1/Pb,Philosophy & Belief,Mr George
,9M1/Ph,Physics,Mr George
,9M/As,Astronomy,Mr George
,9M/Hs,Health & S,Mr George
,9M/Me,Mentoring,Mr George
,9M/Rg,Registration,Mr George
,9M/Tu,Tutor Comm,Mr George
,9W/Ge1,German,Mr George
,9X/Ge1,German,Mr George
,9Y/Ar2,Art,Mr George
,9Z/Mu1,Music,Mr George
,9MB1/Ma,Mathematic,Mr George
,CLS 9 Mackenzi,,Mr George
,HCL Mackenzie,,Mr George
Devon Early,12JE/As,Astronomy,Mr George
,12JE/Hs,Health & S,Mr George
,12JE/Me,Mentoring,Mr George
,12JE/Rg,Registration,Mr George
,12JE/Tu,Tutor Comm,Mr George
,12A/Ma1a,Mathematic,Mr George
,12A/Ma1b,Mathematic,Mr George
,12B/Ph1a,Physics,Mr George
,12B/Ph1b,Physics,Mr George
,12C/Py1a,Philosophy,Mr George
,12C/Py1b,Philosophy,Mr George
,12D/Ch1a,Chemistry,Mr George
,12D/Ch1b,Chemistry,Mr George
,12E/Bi1a,Biology,Mr George
,12E/Bi1b,Biology,Mr George
,12H/Ho2,History of Ideas,Mr George
,CLS 12JE,,Mr George
,HCL Mackenzie,,Mr George
Marguerita Deluna,10H1/As,Astronomy,Mr George
,10H1/Hs,Health & S,Mr George
,10H1/Rg,Registration,Mr George
,10H1/Tu,Tutor Comm,Mr George
,10p/Ci1,Citizen,Mr George
,10p/En1,English,Mr George
,101/Ga,Games,Mr George
,10p/Ma1,Mathematic,Mr George
,10p/Pe1,Physical E,Mr George
,10p/Bi1,Biology,Mr George
,10p/Ch1,Chemistry,Mr George
,10p/Ph1,Physics,Mr George
,10A/Ar1,Art,Mr George
,10B/Sp1,Spanish,Mr George
,10C/Im1,Imedia,Mr George
,10D/Hi1,History,Mr George
,10H/Ho1,History of Ideas,Mr George
,CLS 10 Hardman,,Mr George
,HCL Hardman,,Mr George
Kylie Luter,12CM/As,Astronomy,Mr George
,12CM/Hs,Health & S,Mr George
,12CM/Me,Mentoring,Mr George
,12CM/Rg,Registration,Mr George
,12CM/Tu,Tutor Comm,Mr George
,12A/En1a,English,Mr George
,12A/En1b,English,Mr George
,12B/Ec1a,Economics,Mr George
,12B/Ec1b,Economics,Mr George
,12D/Hi1a,History,Mr George
,12D/Hi1b,History,Mr George
,12E/Gg1a,Geography,Mr George
,12E/Gg1b,Geography,Mr George
,12G/Ga5,Games,Mr George
,12H/Ho3,History of Ideas,Mr George
,CLS 12CM,,Mr George
,HCL Burgess,,Mr George
Glayds Lamy,12GP/As,Astronomy,Mr George
,12GP/Hs,Health & S,Mr George
,12GP/Me,Mentoring,Mr George
,12GP/Rg,Registration,Mr George
,12GP/Tu,Tutor Comm,Mr George
,12A/Ma1a,Mathematic,Mr George
,12A/Ma1b,Mathematic,Mr George
,12C/De1a,CDT:Design,Mr George
,12C/De1b,CDT:Design,Mr George
,12D/Pe1a,Physical E,Mr George
,12D/Pe1b,Physical E,Mr George
,12D/Pe1c,Physical E,Mr George
,12E/Ph1a,Physics,Mr George
,12E/Ph1b,Physics,Mr George
,12G/Ga12,Games,Mr George
,12H/Ho3,History of Ideas,Mr George
,CLS 12GP,,Mr George
,HCL Mackenzie,,Mr George
Barbara Suter,11H1/As,Astronomy,Mr George
,11H1/Hs,Health & S,Mr George
,11H1/Me,Mentoring,Mr George
,11H1/Rg,Registration,Mr George
,11H1/Tu,Tutor Comm,Mr George
,11pq/Ga1,Games,Mr George
,11p/Ci1,Citizen,Mr George
,11p/En1,English,Mr George
,11p/Ma2A,Mathematic,Mr George
,11p/Pe1,Physical E,Mr George
,11p/Bi2,Biology,Mr George
,11p/Ch2,Chemistry,Mr George
,11p/Ph2,Physics,Mr George
,11A/Cs1,Computer Studies & Informatics,Mr George
,11B/Bs1,Business S,Mr George
,11C/Hi1,History,Mr George
,11D/Fr1,French,Mr George
,11H/Ho3,History of Ideas,Mr George
,CLS 11 Hardman,,Mr George
,HCL Hardman,,Mr George
Fawn Hochstetler,13AM/As,Astronomy,Mr George
,13AM/Hs,Health & S,Mr George
,13AM/Me,Mentoring,Mr George
,13AM/Rg,Registration,Mr George
,13AM/Tu,Tutor Comm,Mr George
,13A/Fm1a,Further Ma,Mr George
,13A/Fm1b,Further Ma,Mr George
,13C/Bi1a,Biology,Mr George
,13C/Bi1b,Biology,Mr George
,13D/Ch1a,Chemistry,Mr George
,13D/Ch1b,Chemistry,Mr George
,13E/Ma1a,Mathematic,Mr George
,13E/Ma1b,Mathematic,Mr George
,CLS 13AM,,Mr George
,HCL Sharp,,Mr George
Valery Fairey,13DA/As,Astronomy,Mr George
,13DA/Hs,Health & S,Mr George
,13DA/Me,Mentoring,Mr George
,13DA/Rg,Registration,Mr George
,13DA/Tu,Tutor Comm,Mr George
,13B/Ch1a,Chemistry,Mr George
,13B/Ch1b,Chemistry,Mr George
,13C/Gg1a,Geography,Mr George
,13C/Gg1b,Geography,Mr George
,13D/Bi1a,Biology,Mr George
,13D/Bi1b,Biology,Mr George
,CLS 13DA,,Mr George
,HCL Mackenzie,,Mr George
Simonne Robinette,84/Ga,Games,Mr George
,86/Ar,Art,Mr George
,86/De,CDT:Design,Mr George
,86/Mu,Music,Mr George
,8HB2/Ma,Mathematic,Mr George
,83/Pe,Physical E,Mr George
,8B1/Ci,Citizen,Mr George
,8B1/Cs,Computer Studies & Informatics,Mr George
,8B1/En,English,Mr George
,8B1/Fr,French,Mr George
,8B1/Gg,Geography,Mr George
,8B1/Hi,History,Mr George
,8B1/Pb,Philosophy & Belief,Mr George
,8B1/Sc,Science,Mr George
,8B1/Sp,Spanish,Mr George
,8B/As,Astronomy,Mr George
,8B/Hs,Health & S,Mr George
,8B/Me,Mentoring,Mr George
,8B/Rg,Registration,Mr George
,8B/Tu,Tutor Comm,Mr George
,CLS 8 Burgess,,Mr George
,HCL Burgess,,Mr George
Kiley Wheless,81/Ga,Games,Mr George
,82/Ar,Art,Mr George
,82/De,CDT:Design,Mr George
,82/Mu,Music,Mr George
,8MS1/Ma,Mathematic,Mr George
,81/Pe,Physical E,Mr George
,8S1/Ci,Citizen,Mr George
,8S1/Cs,Computer Studies & Informatics,Mr George
,8S1/En,English,Mr George
,8S1/Fr,French,Mr George
,8S1/Ge,German,Mr George
,8S1/Gg,Geography,Mr George
,8S1/Hi,History,Mr George
,8S1/Pb,Philosophy & Belief,Mr George
,8S1/Sc,Science,Mr George
,8S/As,Astronomy,Mr George
,8S/Hs,Health & S,Mr George
,8S/Me,Mentoring,Mr George
,8S/Rg,Registration,Mr George
,8S/Tu,Tutor Comm,Mr George
,CLS 8 Sharp,,Mr George
,HCL Sharp,,Mr George
Vicki Bray,7pq/Le1,Learn. En,Mr George
,74/Ga,Games,Mr George
,76/Ar,Art,Mr George
,76/De,CDT:Design,Mr George
,76/Mu,Music,Mr George
,74/Pe,Physical E,Mr George
,7B1/Ci,Citizen,Mr George
,7B1/Cs,Computer Studies & Informatics,Mr George
,7B1/Dr,Drama,Mr George
,7B1/En,English,Mr George
,7B1/Gg,Geography,Mr George
,7B1/Hi,History,Mr George
,7B1/Ma,Mathematic,Mr George
,7B1/Pb,Philosophy & Belief,Mr George
,7B1/Sc,Science,Mr George
,7B1/Sp,Spanish,Mr George
,7B/As,Astronomy,Mr George
,7B/Hs,Health & S,Mr George
,7B/Me,Mentoring,Mr George
,7B/Rg,Registration,Mr George
,7B/Tu,Tutor Comm,Mr George
,CLS 7 Burgess,,Mr George
,HCL Burgess,,Mr George
Dorla Phair,13KT/As,Astronomy,Mr George
,13KT/Hs,Health & S,Mr George
,13KT/Me,Mentoring,Mr George
,13KT/Rg,Registration,Mr George
,13KT/Tu,Tutor Comm,Mr George
,13A/Bi1a,Biology,Mr George
,13A/Bi1b,Biology,Mr George
,13D/Bs1a,Business S,Mr George
,13D/Bs1b,Business S,Mr George
,13E/En1a,English,Mr George
,13E/En1b,English,Mr George
,CLS 13KT,,Mr George
,HCL Burgess,,Mr George
Gordon Rustin,82/Ga,Games,Mr George
,83/Ar,Art,Mr George
,83/De,CDT:Design,Mr George
,83/Mu,Music,Mr George
,8MS1/Ma,Mathematic,Mr George
,82/Pe,Physical E,Mr George
,8S1/Ci,Citizen,Mr George
,8S1/Cs,Computer Studies & Informatics,Mr George
,8S1/En,English,Mr George
,8S1/Fr,French,Mr George
,8S1/Ge,German,Mr George
,8S1/Gg,Geography,Mr George
,8S1/Hi,History,Mr George
,8S1/Pb,Philosophy & Belief,Mr George
,8S1/Sc,Science,Mr George
,8S/As,Astronomy,Mr George
,8S/Hs,Health & S,Mr George
,8S/Me,Mentoring,Mr George
,8S/Rg,Registration,Mr George
,8S/Tu,Tutor Comm,Mr George
,CLS 8 Sharp,,Mr George
,HCL Sharp,,Mr George
Madeline Briceno,10S1/As,Astronomy,Mr George
,10S1/Hs,Health & S,Mr George
,10S1/Rg,Registration,Mr George
,10S1/Tu,Tutor Comm,Mr George
,10p/Ci3,Citizen,Mr George
,10p/En3,English,Mr George
,103/Ga,Games,Mr George
,10p/Ma1,Mathematic,Mr George
,10p/Pe3,Physical E,Mr George
,10p/Bi2,Biology,Mr George
,10p/Ch2,Chemistry,Mr George
,10p/Ph2,Physics,Mr George
,10A/Ar1,Art,Mr George
,10B/St1,Statistics,Mr George
,10C/Hi1,History,Mr George
,10D/De1,CDT:Design,Mr George
,10H/Ho6,History of Ideas,Mr George
,CLS 10 Sharp,,Mr George
,HCL Sharp,,Mr George
Kazuko Ponte,13AT/As,Astronomy,Mr George
,13AT/Hs,Health & S,Mr George
,13AT/Me,Mentoring,Mr George
,13AT/Rg,Registration,Mr George
,13AT/Tu,Tutor Comm,Mr George
,13A/Py1a,Philosophy,Mr George
,13A/Py1b,Philosophy,Mr George
,13D/Bi1a,Biology,Mr George
,13D/Bi1b,Biology,Mr George
,13E/En1a,English,Mr George
,13E/En1b,English,Mr George
,CLS 13AT,,Mr George
,HCL Sharp,,Mr George
Melba Mcclurg,81/Ga,Games,Mr George
,82/Ar,Art,Mr George
,82/De,CDT:Design,Mr George
,82/Mu,Music,Mr George
,8MS2/Ma,Mathematic,Mr George
,82/Pe,Physical E,Mr George
,8M1/Ci,Citizen,Mr George
,8M1/Cs,Computer Studies & Informatics,Mr George
,8M1/En,English,Mr George
,8M1/Fr,French,Mr George
,8M1/Ge,German,Mr George
,8M1/Gg,Geography,Mr George
,8M1/Hi,History,Mr George
,8M1/Pb,Philosophy & Belief,Mr George
,8M1/Sc,Science,Mr George
,8M/As,Astronomy,Mr George
,8M/Hs,Health & S,Mr George
,8M/Me,Mentoring,Mr George
,8M/Rg,Registration,Mr George
,8M/Tu,Tutor Comm,Mr George
,CLS 8 Mackenzi,,Mr George
,HCL Mackenzie,,Mr George
Pasquale Pauley,7pq/Le2,Learn. En,Mr George
,76/Ga,Games,Mr George
,74/Ar,Art,Mr George
,74/De,CDT:Design,Mr George
,74/Mu,Music,Mr George
,73/Pe,Physical E,Mr George
,7H1/Ci,Citizen,Mr George
,7H1/Cs,Computer Studies & Informatics,Mr George
,7H1/Dr,Drama,Mr George
,7H1/En,English,Mr George
,7H1/Fr,French,Mr George
,7H1/Gg,Geography,Mr George
,7H1/Hi,History,Mr George
,7H1/Ma,Mathematic,Mr George
,7H1/Pb,Philosophy & Belief,Mr George
,7H1/Sc,Science,Mr George
,7H/As,Astronomy,Mr George
,7H/Hs,Health & S,Mr George
,7H/Me,Mentoring,Mr George
,7H/Rg,Registration,Mr George
,7H/Tu,Tutor Comm,Mr George
,CLS 7 Hardman,,Mr George
,HCL Hardman,,Mr George
Elisha Loza,12GP/As,Astronomy,Mr George
,12GP/Hs,Health & S,Mr George
,12GP/Me,Mentoring,Mr George
,12GP/Rg,Registration,Mr George
,12GP/Tu,Tutor Comm,Mr George
,12A/Dm2a,Double Maths,Mr George
,12A/Dm2b,Double Maths,Mr George
,12B/Ph1a,Physics,Mr George
,12B/Ph1b,Physics,Mr George
,12C/De1a,CDT:Design,Mr George
,12C/De1b,CDT:Design,Mr George
,12D/Dm2a,Double Maths,Mr George
,12D/Dm2b,Double Maths,Mr George
,12E/Cs1,Computer Studies & Informatics,Mr George
,12H/Ho4,History of Ideas,Mr George
,CLS 12GP,,Mr George
,HCL Burgess,,Mr George
Emogene Cipriano,12ST/As,Astronomy,Mr George
,12ST/Hs,Health & S,Mr George
,12ST/Me,Mentoring,Mr George
,12ST/Rg,Registration,Mr George
,12ST/Tu,Tutor Comm,Mr George
,12A/Bs1a,Business S,Mr George
,12A/Bs1b,Business S,Mr George
,12C/Bi1a,Biology,Mr George
,12C/Bi1b,Biology,Mr George
,12D/Gg1a,Geography,Mr George
,12D/Gg1b,Geography,Mr George
,12E/Ma1a,Mathematic,Mr George
,12E/Ma1b,Mathematic,Mr George
,CLS 12ST,,Mr George
,HCL Sharp,,Mr George
Weston Rago,11H1/As,Astronomy,Mr George
,11H1/Hs,Health & S,Mr George
,11H1/Me,Mentoring,Mr George
,11H1/Rg,Registration,Mr George
,11H1/Tu,Tutor Comm,Mr George
,11pq/Ga1,Games,Mr George
,11A/Bs1,Business S,Mr George
,11B/Ar1,Art,Mr George
,11C/Fr1,French,Mr George
,11D/De1,CDT:Design,Mr George
,11H/Ho3,History of Ideas,Mr George
,11q/Ci3,Citizen,Mr George
,11q/En3,English,Mr George
,11q/Ma2,Mathematic,Mr George
,11q/Pe2,Physical E,Mr George
,11q/Bi2,Biology,Mr George
,11q/Ch2,Chemistry,Mr George
,11q/Ph2,Physics,Mr George
,CLS 11 Hardman,,Mr George
,HCL Hardman,,Mr George
Lakia Hollin,11B1/As,Astronomy,Mr George
,11B1/Hs,Health & S,Mr George
,11B1/Me,Mentoring,Mr George
,11B1/Rg,Registration,Mr George
,11B1/Tu,Tutor Comm,Mr George
,11pq/Ga1,Games,Mr George
,11A/Sp1,Spanish,Mr George
,11B/Hi1,History,Mr George
,11C/Mu1,Music,Mr George
,11D/Gg1,Geography,Mr George
,11H/Ho5,History of Ideas,Mr George
,11q/Ci2,Citizen,Mr George
,11q/En2,English,Mr George
,11q/Ma1,Mathematic,Mr George
,11q/Pe2,Physical E,Mr George
,11q/Bi1,Biology,Mr George
,11q/Ch1,Chemistry,Mr George
,11q/Ph1,Physics,Mr George
,CLS 11 Burgess,,Mr George
,HCL Burgess,,Mr George
Truman Brian,11S2/As,Astronomy,Mr George
,11S2/Hs,Health & S,Mr George
,11S2/Me,Mentoring,Mr George
,11S2/Rg,Registration,Mr George
,11S2/Tu,Tutor Comm,Mr George
,11pq/Ga1,Games,Mr George
,11p/Ci1,Citizen,Mr George
,11p/En1,English,Mr George
,11p/Ma2A,Mathematic,Mr George
,11p/Pe1,Physical E,Mr George
,11p/Bi2,Biology,Mr George
,11p/Ch2,Chemistry,Mr George
,11p/Ph2,Physics,Mr George
,11A/Cs1,Computer Studies & Informatics,Mr George
,11B/Ge1,German,Mr George
,11C/Hi1,History,Mr George
,11D/Gg1,Geography,Mr George
,11H/Ho2,History of Ideas,Mr George
,CLS 11 Sharp 2,,Mr George
,HCL Sharp,,Mr George
Chadwick Lechuga,12MIT/As,Astronomy,Mr George
,12MIT/Hs,Health & S,Mr George
,12MIT/Me,Mentoring,Mr George
,12MIT/Rg,Registration,Mr George
,12MIT/Tu,Tutor Comm,Mr George
,12A/Ph1a,Physics,Mr George
,12A/Ph1b,Physics,Mr George
,12B/Ec1a,Economics,Mr George
,12B/Ec1b,Economics,Mr George
,12C/Po1a,Politics,Mr George
,12C/Po1b,Politics,Mr George
,12E/Ma1a,Mathematic,Mr George
,12E/Ma1b,Mathematic,Mr George
,12G/Ga8,Games,Mr George
,12H/Ho4,History of Ideas,Mr George
,CLS 12MIT,,Mr George
,HCL Mackenzie,,Mr George
Emeline Wycoff,10H2/As,Astronomy,Mr George
,10H2/Hs,Health & S,Mr George
,10H2/Rg,Registration,Mr George
,10H2/Tu,Tutor Comm,Mr George
,10p/Ci1,Citizen,Mr George
,10p/En1,English,Mr George
,101/Ga,Games,Mr George
,10p/Ma2,Mathematic,Mr George
,10p/Pe1,Physical E,Mr George
,10p/Bi3,Biology,Mr George
,10p/Ch3,Chemistry,Mr George
,10p/Ph3,Physics,Mr George
,10A/Ar1,Art,Mr George
,10B/Sp1,Spanish,Mr George
,10C/Hi1,History,Mr George
,10D/Bs1,Business S,Mr George
,10H/Ho1,History of Ideas,Mr George
,CLS 10 Hard 2,,Mr George
,HCL Hardman,,Mr George
Helen Spainhour,93/Ga,Games,Mr George
,92/Pe,Physical E,Mr George
,9M1/Bi,Biology,Mr George
,9M1/Ch,Chemistry,Mr George
,9M1/Ci,Citizen,Mr George
,9M1/Cs,Computer Studies & Informatics,Mr George
,9M1/En,English,Mr George
,9M1/Fr,French,Mr George
,9M1/Gg,Geography,Mr George
,9M1/Hi,History,Mr George
,9M1/Pb,Philosophy & Belief,Mr George
,9M1/Ph,Physics,Mr George
,9M/As,Astronomy,Mr George
,9M/Hs,Health & S,Mr George
,9M/Me,Mentoring,Mr George
,9M/Rg,Registration,Mr George
,9M/Tu,Tutor Comm,Mr George
,9W/Ge1,German,Mr George
,9X/Ge1,German,Mr George
,9Y/De1,CDT:Design,Mr George
,9Z/Ar1,Art,Mr George
,9MB2/Ma,Mathematic,Mr George
,CLS 9 Mackenzi,,Mr George
,HCL Mackenzie,,Mr George
Golda Streeter,12TM/As,Astronomy,Mr George
,12TM/Hs,Health & S,Mr George
,12TM/Me,Mentoring,Mr George
,12TM/Rg,Registration,Mr George
,12TM/Tu,Tutor Comm,Mr George
,12A/Ch1a,Chemistry,Mr George
,12A/Ch1b,Chemistry,Mr George
,12B/Ma1a,Mathematic,Mr George
,12B/Ma1b,Mathematic,Mr George
,12C/Py1a,Philosophy,Mr George
,12C/Py1b,Philosophy,Mr George
,12D/En1a,English,Mr George
,12D/En1b,English,Mr George
,12G/Ga3,Games,Mr George
,12H/Ho2,History of Ideas,Mr George
,CLS 12TM,,Mr George
,HCL Burgess,,Mr George
Natalya Riojas,10B2/As,Astronomy,Mr George
,10B2/Hs,Health & S,Mr George
,10B2/Rg,Registration,Mr George
,10B2/Tu,Tutor Comm,Mr George
,10p/Ci2,Citizen,Mr George
,10p/En2,English,Mr George
,103/Ga,Games,Mr George
,10p/Ma1,Mathematic,Mr George
,10p/Pe3,Physical E,Mr George
,10p/Bi1,Biology,Mr George
,10p/Ch1,Chemistry,Mr George
,10p/Ph1,Physics,Mr George
,10A/Cs1,Computer Studies & Informatics,Mr George
,10B/Gg1,Geography,Mr George
,10C/Fr2,French,Mr George
,10D/Sp1,Spanish,Mr George
,10H/Ho5,History of Ideas,Mr George
,CLS 10Burgess2,,Mr George
,HCL Burgess,,Mr George
Loura Foulk,91/Ga,Games,Mr George
,91/Pe,Physical E,Mr George
,9S1/Bi,Biology,Mr George
,9S1/Ch,Chemistry,Mr George
,9S1/Ci,Citizen,Mr George
,9S1/Cs,Computer Studies & Informatics,Mr George
,9S1/En,English,Mr George
,9S1/Ge,German,Mr George
,9S1/Gg,Geography,Mr George
,9S1/Hi,History,Mr George
,9S1/Pb,Philosophy & Belief,Mr George
,9S1/Ph,Physics,Mr George
,9S/As,Astronomy,Mr George
,9S/Hs,Health & S,Mr George
,9S/Me,Mentoring,Mr George
,9S/Rg,Registration,Mr George
,9S/Tu,Tutor Comm,Mr George
,9SH2/Ma,Mathematic,Mr George
,9W/Fr1,French,Mr George
,9X/Fr1,French,Mr George
,9Y/Mu1,Music,Mr George
,9Z/De2,CDT:Design,Mr George
,CLS 9 Sharp,,Mr George
,HCL Sharp,,Mr George
Eneida Closson,12ST/As,Astronomy,Mr George
,12ST/Hs,Health & S,Mr George
,12ST/Me,Mentoring,Mr George
,12ST/Rg,Registration,Mr George
,12ST/Tu,Tutor Comm,Mr George
,12A/Ma1a,Mathematic,Mr George
,12A/Ma1b,Mathematic,Mr George
,12C/Bi1a,Biology,Mr George
,12C/Bi1b,Biology,Mr George
,12D/Gg1a,Geography,Mr George
,12D/Gg1b,Geography,Mr George
,12E/Ch1a,Chemistry,Mr George
,12E/Ch1b,Chemistry,Mr George
,12G/Ga1,Games,Mr George
,12H/Ho3,History of Ideas,Mr George
